{
  "loo": 0.5581395348837209,
  "z": 1.078327732034384,
  "cv": 0.5597222222222221,
  "baseline": 0.6162790697674418,
  "best": 0.6976744186046512,
  "n": 86,
  "dim": 1024,
  "top": [
    [
      "tp_std",
      0.6976744186046512,
      -0.1750148614142432
    ],
    [
      "tp_mean",
      0.686046511627907,
      -0.1271263950277986
    ],
    [
      "phase",
      0.686046511627907,
      -0.16516233627551397
    ],
    [
      "c_slope",
      0.6744186046511628,
      -0.02728282109331212
    ],
    [
      "u_mean",
      0.6627906976744186,
      -0.12079017326836163
    ],
    [
      "c_delta",
      0.6511627906976745,
      -0.012502608428659513
    ],
    [
      "c_final",
      0.6511627906976745,
      0.01965019803512791
    ],
    [
      "u_std",
      0.6511627906976745,
      0.01544373041289515
    ],
    [
      "u_final",
      0.6511627906976745,
      0.08954372581054358
    ],
    [
      "u_slope",
      0.6511627906976745,
      0.12367785041550254
    ],
    [
      "tp_first",
      0.6511627906976745,
      0.06709859636872995
    ],
    [
      "tp_pos",
      0.6511627906976745,
      -0.08091248603741706
    ],
    [
      "tp_max",
      0.6511627906976745,
      0.01794724542288983
    ],
    [
      "rm_mean",
      0.6511627906976745,
      0.10421492711220735
    ],
    [
      "rm_min",
      0.6511627906976745,
      0.09121683696811385
    ]
  ]
}