{
  "timestamp": "2026-03-24T01:50:48Z",
  "baseline_39": {
    "accuracy": 0.717948717948718,
    "z": 2.7221786146864813,
    "p": 0.0032426539853356307,
    "n": 39
  },
  "n_expanded": 269,
  "n_total": 308,
  "classifier_results": {
    "orig_4d_39sess": {
      "LogReg": {
        "accuracy": 0.6153846153846154,
        "std": 0.4865042554105199,
        "cv": "LOO",
        "n_folds": 39
      },
      "GBM": {
        "accuracy": 0.5897435897435898,
        "std": 0.491880156237202,
        "cv": "LOO",
        "n_folds": 39
      },
      "RF": {
        "accuracy": 0.5897435897435898,
        "std": 0.491880156237202,
        "cv": "LOO",
        "n_folds": 39
      },
      "SVM": {
        "accuracy": 0.6923076923076923,
        "std": 0.46153846153846145,
        "cv": "LOO",
        "n_folds": 39
      }
    },
    "ext_5d_39sess": {
      "LogReg": {
        "accuracy": 0.6153846153846154,
        "std": 0.4865042554105199,
        "cv": "LOO",
        "n_folds": 39
      },
      "GBM": {
        "accuracy": 0.6153846153846154,
        "std": 0.4865042554105199,
        "cv": "LOO",
        "n_folds": 39
      },
      "RF": {
        "accuracy": 0.7435897435897436,
        "std": 0.4366509324596513,
        "cv": "LOO",
        "n_folds": 39
      },
      "SVM": {
        "accuracy": 0.6923076923076923,
        "std": 0.46153846153846145,
        "cv": "LOO",
        "n_folds": 39
      }
    },
    "inscr_25d_39sess": {
      "LogReg": {
        "accuracy": 0.6666666666666666,
        "std": 0.4714045207910316,
        "cv": "LOO",
        "n_folds": 39
      },
      "GBM": {
        "accuracy": 0.6923076923076923,
        "std": 0.4615384615384615,
        "cv": "LOO",
        "n_folds": 39
      },
      "RF": {
        "accuracy": 0.6153846153846154,
        "std": 0.4865042554105198,
        "cv": "LOO",
        "n_folds": 39
      },
      "SVM": {
        "accuracy": 0.717948717948718,
        "std": 0.44999817371241657,
        "cv": "LOO",
        "n_folds": 39
      }
    },
    "sigil_12d_39sess": {
      "LogReg": {
        "accuracy": 0.6923076923076923,
        "std": 0.46153846153846145,
        "cv": "LOO",
        "n_folds": 39
      },
      "GBM": {
        "accuracy": 0.7948717948717948,
        "std": 0.4037952755903493,
        "cv": "LOO",
        "n_folds": 39
      },
      "RF": {
        "accuracy": 0.6666666666666666,
        "std": 0.4714045207910317,
        "cv": "LOO",
        "n_folds": 39
      },
      "SVM": {
        "accuracy": 0.717948717948718,
        "std": 0.44999817371241657,
        "cv": "LOO",
        "n_folds": 39
      }
    },
    "orig_4d_all": {
      "LogReg": {
        "accuracy": 0.65579058699101,
        "std": 0.045269772624322496,
        "cv": "5-fold",
        "n_folds": 5
      },
      "GBM": {
        "accuracy": 0.6655737704918032,
        "std": 0.0714102643027183,
        "cv": "5-fold",
        "n_folds": 5
      },
      "RF": {
        "accuracy": 0.7014806980433633,
        "std": 0.04750859038909389,
        "cv": "5-fold",
        "n_folds": 5
      },
      "SVM": {
        "accuracy": 0.6559492332099418,
        "std": 0.056530515526918075,
        "cv": "5-fold",
        "n_folds": 5
      }
    },
    "ext_5d_all": {
      "LogReg": {
        "accuracy": 0.672025383395029,
        "std": 0.03173391469233082,
        "cv": "5-fold",
        "n_folds": 5
      },
      "GBM": {
        "accuracy": 0.6591750396615547,
        "std": 0.06666288194410641,
        "cv": "5-fold",
        "n_folds": 5
      },
      "RF": {
        "accuracy": 0.7047065044949761,
        "std": 0.046445816223252646,
        "cv": "5-fold",
        "n_folds": 5
      },
      "SVM": {
        "accuracy": 0.6691168693812798,
        "std": 0.055866750351062235,
        "cv": "5-fold",
        "n_folds": 5
      }
    },
    "inscr_25d_all": {
      "LogReg": {
        "accuracy": 0.6461131676361713,
        "std": 0.027507117445528705,
        "cv": "5-fold",
        "n_folds": 5
      },
      "GBM": {
        "accuracy": 0.6560021152829191,
        "std": 0.02965076658181053,
        "cv": "5-fold",
        "n_folds": 5
      },
      "RF": {
        "accuracy": 0.6687466948704389,
        "std": 0.039662048295888944,
        "cv": "5-fold",
        "n_folds": 5
      },
      "SVM": {
        "accuracy": 0.6267054468535167,
        "std": 0.046359937238561875,
        "cv": "5-fold",
        "n_folds": 5
      }
    },
    "sigil_12d_all": {
      "LogReg": {
        "accuracy": 0.525965097831835,
        "std": 0.015732216735238565,
        "cv": "5-fold",
        "n_folds": 5
      },
      "GBM": {
        "accuracy": 0.5454785827604443,
        "std": 0.044165871392145596,
        "cv": "5-fold",
        "n_folds": 5
      },
      "RF": {
        "accuracy": 0.5486515071390798,
        "std": 0.05747286362992972,
        "cv": "5-fold",
        "n_folds": 5
      },
      "SVM": {
        "accuracy": 0.5487572712850344,
        "std": 0.03374257515811293,
        "cv": "5-fold",
        "n_folds": 5
      }
    }
  },
  "feature_importance": {}
}