{
  "timestamp": "2026-03-24T00:11:48Z",
  "baseline_39": {
    "accuracy": 0.717948717948718,
    "z": 2.7221786146864813,
    "p": 0.0032426539853356307,
    "n": 39
  },
  "n_expanded": 269,
  "n_total": 308,
  "classifier_results": {
    "orig_4d_39sess": {
      "LogReg": {
        "accuracy": 0.6153846153846154,
        "std": 0.4865042554105199,
        "cv": "LOO",
        "n_folds": 39
      },
      "GBM": {
        "accuracy": 0.5897435897435898,
        "std": 0.491880156237202,
        "cv": "LOO",
        "n_folds": 39
      },
      "RF": {
        "accuracy": 0.5897435897435898,
        "std": 0.491880156237202,
        "cv": "LOO",
        "n_folds": 39
      },
      "SVM": {
        "accuracy": 0.6923076923076923,
        "std": 0.46153846153846145,
        "cv": "LOO",
        "n_folds": 39
      }
    },
    "ext_5d_39sess": {
      "LogReg": {
        "accuracy": 0.6153846153846154,
        "std": 0.4865042554105199,
        "cv": "LOO",
        "n_folds": 39
      },
      "GBM": {
        "accuracy": 0.6153846153846154,
        "std": 0.4865042554105199,
        "cv": "LOO",
        "n_folds": 39
      },
      "RF": {
        "accuracy": 0.7435897435897436,
        "std": 0.4366509324596513,
        "cv": "LOO",
        "n_folds": 39
      },
      "SVM": {
        "accuracy": 0.6923076923076923,
        "std": 0.46153846153846145,
        "cv": "LOO",
        "n_folds": 39
      }
    },
    "inscr_25d_39sess": {
      "LogReg": {
        "accuracy": 0.6666666666666666,
        "std": 0.4714045207910316,
        "cv": "LOO",
        "n_folds": 39
      },
      "GBM": {
        "accuracy": 0.6923076923076923,
        "std": 0.4615384615384615,
        "cv": "LOO",
        "n_folds": 39
      },
      "RF": {
        "accuracy": 0.6153846153846154,
        "std": 0.4865042554105198,
        "cv": "LOO",
        "n_folds": 39
      },
      "SVM": {
        "accuracy": 0.717948717948718,
        "std": 0.44999817371241657,
        "cv": "LOO",
        "n_folds": 39
      }
    },
    "sigil_12d_39sess": {
      "LogReg": {
        "accuracy": 0.6923076923076923,
        "std": 0.46153846153846145,
        "cv": "LOO",
        "n_folds": 39
      },
      "GBM": {
        "accuracy": 0.7948717948717948,
        "std": 0.4037952755903493,
        "cv": "LOO",
        "n_folds": 39
      },
      "RF": {
        "accuracy": 0.6666666666666666,
        "std": 0.4714045207910317,
        "cv": "LOO",
        "n_folds": 39
      },
      "SVM": {
        "accuracy": 0.717948717948718,
        "std": 0.44999817371241657,
        "cv": "LOO",
        "n_folds": 39
      }
    },
    "orig_4d_all": {
      "LogReg": {
        "accuracy": 0.6821258593336859,
        "std": 0.07382219955154168,
        "cv": "5-fold",
        "n_folds": 5
      },
      "GBM": {
        "accuracy": 0.6496562665256478,
        "std": 0.07821042270844622,
        "cv": "5-fold",
        "n_folds": 5
      },
      "RF": {
        "accuracy": 0.6722897937599155,
        "std": 0.05328550502077373,
        "cv": "5-fold",
        "n_folds": 5
      },
      "SVM": {
        "accuracy": 0.6625594923320994,
        "std": 0.06310282847407499,
        "cv": "5-fold",
        "n_folds": 5
      }
    },
    "ext_5d_all": {
      "LogReg": {
        "accuracy": 0.6754627181385511,
        "std": 0.059787995552380194,
        "cv": "5-fold",
        "n_folds": 5
      },
      "GBM": {
        "accuracy": 0.6464304600740349,
        "std": 0.08253389007889035,
        "cv": "5-fold",
        "n_folds": 5
      },
      "RF": {
        "accuracy": 0.6527763088313062,
        "std": 0.06074016578037231,
        "cv": "5-fold",
        "n_folds": 5
      },
      "SVM": {
        "accuracy": 0.6786885245901639,
        "std": 0.06511099732366066,
        "cv": "5-fold",
        "n_folds": 5
      }
    },
    "inscr_25d_all": {
      "LogReg": {
        "accuracy": 0.6302485457429932,
        "std": 0.07300821697987106,
        "cv": "5-fold",
        "n_folds": 5
      },
      "GBM": {
        "accuracy": 0.6300370174510841,
        "std": 0.039984372825672826,
        "cv": "5-fold",
        "n_folds": 5
      },
      "RF": {
        "accuracy": 0.6885774722369117,
        "std": 0.05586469798244003,
        "cv": "5-fold",
        "n_folds": 5
      },
      "SVM": {
        "accuracy": 0.6008461131676361,
        "std": 0.07715467263266777,
        "cv": "5-fold",
        "n_folds": 5
      }
    },
    "sigil_12d_all": {
      "LogReg": {
        "accuracy": 0.500423056583818,
        "std": 0.07891798538102701,
        "cv": "5-fold",
        "n_folds": 5
      },
      "GBM": {
        "accuracy": 0.5324695928080381,
        "std": 0.037421082658524035,
        "cv": "5-fold",
        "n_folds": 5
      },
      "RF": {
        "accuracy": 0.5194077207826546,
        "std": 0.025544614055737654,
        "cv": "5-fold",
        "n_folds": 5
      },
      "SVM": {
        "accuracy": 0.5356953992596509,
        "std": 0.043329751891086184,
        "cv": "5-fold",
        "n_folds": 5
      }
    }
  },
  "feature_importance": {},
  "feature_importance_sigil_12d": {
    "sigil_stabilization": 0.061411670911639765,
    "sigil_dispersion": 0.1673748394545643,
    "sigil_transition": 0.05368623057449977,
    "sigil_return": 0.0375021282190932,
    "sigil_dwell": 0.15885875700345842,
    "sigil_oscillation": 0.30586817747729633,
    "sigil_recovery": 0.0,
    "sigil_novelty": 0.00824077057743679,
    "sigil_place_shift": 0.01142710697491833,
    "sigil_echo": 0.0018518482773111277,
    "depth": 0.17344526425910217,
    "confidence": 0.020333206270679752
  },
  "sigil_distribution_analysis": {
    "stabilization": {
      "converging": 0.25166287316824953,
      "non_converging": 0.3716345805624464,
      "delta": -0.11997170739419688
    },
    "dispersion": {
      "converging": 0.08601265620082825,
      "non_converging": 0.06481434821468184,
      "delta": 0.021198307986146414
    },
    "transition": {
      "converging": 0.1485525118052,
      "non_converging": 0.16984654954332765,
      "delta": -0.021294037738127658
    },
    "return": {
      "converging": 0.011897327085499128,
      "non_converging": 0.010972420419577831,
      "delta": 0.0009249066659212969
    },
    "dwell": {
      "converging": 0.4094793458234318,
      "non_converging": 0.3171349600797159,
      "delta": 0.0923443857437159
    },
    "oscillation": {
      "converging": 0.0695582812249479,
      "non_converging": 0.023895295009535994,
      "delta": 0.0456629862154119
    },
    "recovery": {
      "converging": 0.0,
      "non_converging": 0.0,
      "delta": 0.0
    },
    "novelty": {
      "converging": 0.018244872411539076,
      "non_converging": 0.02395721043888353,
      "delta": -0.005712338027344454
    },
    "place_shift": {
      "converging": 0.0015432098765432098,
      "non_converging": 0.004976552780170351,
      "delta": -0.003433342903627141
    },
    "echo": {
      "converging": 0.0030489224037611134,
      "non_converging": 0.012768082951660454,
      "delta": -0.00971916054789934
    }
  },
  "methodology": {
    "inscription_encoder": "keyword-based NKo sigil classifier (10 types)",
    "convergence_label": "commitment_second > commitment_first (second half commitment exceeds first half)",
    "baseline": "sign(first_half_transition_pressure) predicts convergence",
    "cv_39_sessions": "Leave-One-Out",
    "cv_308_sessions": "Stratified 5-Fold",
    "feature_sets": {
      "orig_4d": "commitment_mean, uncertainty_mean, tp_mean, recovery_mean",
      "ext_5d": "orig_4d + first_half_tp",
      "sigil_12d": "10 sigil probabilities + depth + confidence",
      "inscr_25d": "sigil_12d + orig_4d + 9 interaction terms"
    },